Footnote,Year,"Country of origin (ISO)","Country of asylum (ISO)","Population type"
"IDP figure in South Sudan includes 105,000 people who are in an IDP-like situation.",2015,,SSD,IDP
"This includes 65,200 applications in Costa Rica whereby Nicaraguans started their applications during the first six months of this year by obtaining an appointment to formalize their asylum claim. Of these, 38,800 claims were formalized, 12,700 remained to be formalized (i.e. individuals with an appointment to complete the application procedure) and 13,700 appointments were otherwise closed.",2022,,CRI,ASY
"Other people in need of international protection refers to people who are outside their country or territory of origin, typically because they have been forcibly displaced across international borders, who have not been reported under other categories (asylum-seekers, refugees, people in refugee-like situations) but who likely need international protection, including protection against forced return, as well as access to basic services on a temporary or longer-term basis.",2022,,,OIP
"Includes 33,200 Iraqi refugees registered with UNHCR in Jordan. The Government estimated the number of Iraqis at 400,000 individuals at the end of March 2015. This includes refugees and other categories of Iraqis.",2015,IRQ,JOR,REF
"The statelessness figure refers to the census figure from 2010 adjusted to reflect the number of stateless persons who acquired nationality in 2011-2016.",2016,,RUS,STA
"Figure is from the 2011 census, likely to include 2,020 persons registered as stateless by the authorities.","2015 - 2018",,POL,STA
"Figure is based on a Government estimate of individuals who themselves or whose parents or grandparents migrated to Côte d’Ivoire before or just after independence and who did not establish their nationality at independence or before the nationality law changed in 1972. The estimate is derived in part from cases denied voter registration in 2010 because electoral authorities could not determine their nationality at the time. The estimation is adjusted to reflect the number of persons who acquired nationality through the special ‘acquisition of nationality by declaration’ procedure until end of 2016. The estimate does not include individuals of unknown parentage who were abandoned as children and who are not considered as nationals under Ivorian law.","2016 - 2017",,CIV,STA
"Refugee figure for Iraqis and Stateless persons in the Syrian Arab Republic was a Government estimate. UNHCR has registered and is assisting 18,300 Iraqis at the end of 2015.",2015,IRQ,SYR,"REF,STA"
"The figure of persons of concern under the statelessness mandate relates to stateless persons in Rakhine state and persons of undetermined nationality residing in other states in Myanmar.The figure of stateless persons in Rakhine state has been estimated on the basis of the 2014 census report and 2017 General Administration Department (GAD) of Ministry of Home Affairs (MoHA) data. It does not include an estimated 125,000 stateless IDPs who are also of concern under the statelessness mandate because they are already included within the IDP figures. In Rakhine State, the  total number of stateless persons were estimated to be approximately one million in 2014 according to the Government census report.Revisions have been made to take into account the number of stateless persons who fled to Bangladesh during 2017. The number of remaining stateless persons residing in Maungdaw area as of end of December 2017 is highly uncertain as no reliable comprehensive data is available and access has been severely constrained.Outside of Rakhine state, the figure of those with undetermined nationality (25,939) is based on government data released on 27 December 2016 indicating the number of persons who hold an Identity Card for National Verification, and whose citizenship has not yet been confirmed.",2018,,MMR,STA
"Figure refers to a census from 2011 and has been adjusted to reflect the number of persons with undetermined nationality who had their nationality confirmed in 2011-2018.",2018,,ALB,STA
"Refugees includes people in refugee-like situations","2019 - 2022",,ARM,REF
"Refers to Palestinians under the UNHCR mandate only.","2015 - 2016",PSE,DZA,REF
"The total statelessness figure includes 561,500 stateless persons reported by the Royal Thai Government and registered with the national civil registration system as of end-2021.",2021,,THA,STA
"Refugee population refers to the end of 2014.",2015,IDN,PNG,REF
"The figure reported under “Stateless people including displaced Rohingya population from Myanmar” relates to stateless persons who are also refugees from Myanmar, mainly from Rakhine State. This figure exceptionally includes 906,635 stateless refugees who are also counted in the column under “Refugees” in Annex Table 1. UNHCR’s statistical reporting currently follows a methodology that reports on one legal status as a person of concern only. However, due to the extraordinary size of the newly displaced stateless population in Bangladesh, UNHCR considered it important to reflect, on an exceptional basis, the dual status that this population group possesses as both refugees and stateless persons as to do otherwise might convey the mistaken impression that the overall number of stateless persons has declined significantly.",2018,,BGD,STA
"The 300,000 Vietnamese refugees are well integrated and in practice receive protection from the Government of the People’s Republic of China.","2015 - 2016",VNM,CHN,REF
"Refugee population refers to the end of 2015.",2016,COD,AGO,REF
"From various sources such as civil status offices, health institutions, schools, municipal child protection units, and social services, UNHCR estimates the number of people with undetermined nationality (at risk of statelessness).","2021 - 2022",,ALB,STA
"This figure is based on the number of stateless persons registered in the German Central Aliens Register as being “stateless”. The number of stateless persons counted as asylum seekers as well as the number of stateless counted under “refugee population” have been deducted. Persons registered under the category “undefined nationality” are not included in the statistics.",2018,,DEU,STA
"Includes people deprived of their citizenship under previous nationality legislation, stateless individuals with permanent residence who are recognized as “stateless foreigners” and other stateless persons resident in Greece.","2015 - 2016",,GRC,STA
"The National Victims Registry of Colombia contains the historical accumulated figure of the number of victims of displacement, which continues to increase given that victims continue to be registered in the country. Thus, the total number of people recognized as victims of displacement (more than 8.2 million), includes the number of IDPs who are subject to attention and/or reparation, i.e. those who meet the requirements to access the measures of attention and reparation established in Colombian Law 1448 (6.7 million). The number of victims of displacement who are deceased, or IDPs who were victims of homicide or forced disappearance, and other victims who, for various reasons, cannot effectively access these measures, are identified as not being subject to attention or reparation and therefore not included in the figure of 6.7 million. The figure is constantly updated, considering that by legal definition, victims have up to two years to make their declaration and be included in the registry system. See the summary: https://www.unidadvictimas.gov.co/es/registro-unico-de-victimas-ruv/37394.",2022,,COL,IDP
"Figure adjusted to reflect the results of a verification exercise, identification of new cases and the number of individuals who had their nationality confirmed in 2014 and 2015.",2015,,BIH,STA
"With respect to persons under UNHCR’s statelessness mandate, this figure includes persons of concern covered by two separate Latvian laws. 160 persons fall under the Republic of Latvia’s Law on Stateless Persons on 17 February 2004. 209,007 of the persons fall under Latvia’s 25 April 1995 Law on the Status of those Former USSR Citizens who are not Citizens of Latvia or Any Other State (“Non-citizens”). In the specific context of Latvia, the “Non-citizens” enjoy the right to reside in Latvia ex lege and a set of rights and obligations generally beyond the rights prescribed by the 1954 Convention relating to the Status of Stateless Persons, including protection from removal, and as such the “Non-citizens” may currently be considered persons to whom the Convention does not apply in accordance with Article 1.2(ii).",2020,,LVA,STA
"The new statelessness figure is based on a 2019 mapping study jointly conducted by the Government and UNHCR.","2019 - 2020",,CIV,STA
"IDP figure in Ukraine includes 800,000 people who are in an IDP-like situation.","2015 - 2017",UKR,UKR,IDP
"With respect to persons under UNHCR’s statelessness mandate, this figure includes persons of concern covered by two separate Latvian laws. 169 persons fall under the Republic of Latvia’s Law on Stateless Persons of 17 February 2004. 216,682 of the persons fall under Latvia’s 25 April 1995 Law on the Status of those Former USSR Citizens who are not Citizens of Latvia or Any Other State (“Non-citizens”). In the specific context of Latvia, the “Non-citizens” enjoy the right to reside in Latvia ex lege and a set of rights and obligations generally beyond the rights prescribed by the 1954 Convention relating to the Status of Stateless Persons, including protection from removal, and as such the “Non-citizens” may currently be considered persons to whom the Convention does not apply in accordance with Article 1.2(ii).",2019,,LVA,STA
"Updated figure is based on a registration and community legal assistance programme undertaken in West Malaysia by a local NGO with technical support from UNHCR, which began in 2014. During 2016 874 persons of those registered acquired Malaysian nationality.",2016,,MYS,STA
"The statelessness figure refers to stateless persons with permanent residence reported by the Government of Uzbekistan in 2010. The figure has been adjusted to reflect that citizenship of Uzbekistan has been granted to 6,761 persons since December 2016.",2018,,UZB,STA
"Pending asylum applications refer to the end of 2015.",2016,,AGO,ASY
"The 1.5 million refugees includes around 1,252,800 registered refugees, around 129,700 unregistered members of registered families who were being verified at the time of reporting and were recorded through the documentation renewal and information verification exercise (DRIVE) and around 108,000 Afghans who arrived in the country on or after 1 January 2021.",2021,,PAK,REF
"Asylum applications which are reported as cases can be multiplied overall by average number of person per case of 1.5 when summarising the data by country of asylum, but not origin.  This is due to the significant variance in the average case size by country of origin.",2020,,USA,ASY
"The data do not include 736 Syrians who arrived under admission programmes established by the German Laender.",2017,,DEU,REF
"The figure represents a rudimentary estimate of in situ stateless persons. These estimates were provided by representatives from these unrecognized communities. The estimated figures have not been verified or confirmed by the government of Uganda and UNHCR and UNHCR is planning to support government efforts to gather official statistics on stateless persons and persons of undetermined nationality in Uganda.","2021 - 2022",,UGA,STA
"Refugee figure for Iraqis in the Syrian Arab Republic was a Government estimate. UNHCR is assisting 16,900 Iraqis at the end of 2016.",2016,IRQ,SYR,REF
"The updated statelessness figure is based on a registration exercise covering 28 municipalities that has taken place between 2014 and 2016. 4,112 of the registered group were confirmed as Filipino, Indonesian or dual nationals during 2016.",2016,,PHL,STA
"With regard to the statelessness figures, in 2019, Colombia granted nationality by birth to 28,500 children with undetermined nationality born in Colombia to Venezuelan parents displaced abroad. As these children were both identified as persons with undetermined nationality and granted Colombian nationality in 2019, there was no impact on the figures reported.",2019,,COL,STA
"The statelessness figure refers to the census figure from 2010 adjusted to reflect the number of stateless persons who acquired nationality in 2011-2017.",2017,,RUS,STA
"Asylum applications which are reported as cases can be multiplied overall by average number of person per case of 3 when summarising the data by country of asylum, but not origin.  This is due to the significant variance in the average case size by country of origin.",2018,,KAZ,ASY
"The total figure includes 200,000 persons originating from Myanmar in a refugee-like situation. The Government of Bangladesh estimates the population to be between 300,000 and 500,000.",2015,MMR,BGD,REF
"Figure from the 2011 census.","2015 - 2018",,CZE,STA
"This includes around 770,500 refugees and 27,800 UNHCR pre-registered new arrivals, reported as refugee-like. Based on information received from the Government in October 2020, the Islamic Republic of Iran hosts 800,000 refugees, of which 780,000 are Afghan Amayesh cardholders and 20,000 are Iraqi Hoviat cardholders. These cards effectively offer refugee status to their holders. UNHCR has been in continuous engagement with the authorities in relation to these figures ever since. In view of the absence of updated data, UNHCR sought to estimate the changes in the refugee population considering the natural growth and onward movements, estimating the total to be some 770,000 refugees (out of which 750,000 were Afghans and 20,000 Iraqis).",2021,,IRN,REF
"Refugee figure for Iraqis in the Syrian Arab Republic was a Government estimate. UNHCR has registered and is assisting 16,900 Iraqis at the end of 2016. The refugee population in Jordan includes 33,100 Iraqis registered with UNHCR. The Government of Jordan estimated the number of Iraqis at 400,000 individuals at the end of March 2015. This includes refugees and other categories of Iraqis.",2016,IRQ,JOR,REF
"Includes people deprived of their citizenship under previous nationality legislation, stateless individuals with permanent residence who are recognized as ""stateless foreigners"" and other stateless persons resident in Greece.","2017 - 2018",,GRC,STA
"Pending a more accurate study into stateless in Iraq, the estimate of stateless persons in Iraq has been adjusted to reflect the reduction of statelessness in line with Law 26 of 2006, which allows stateless persons to apply for nationality in certain circumstances.","2015 - 2016",,IRQ,STA
"According to some reports many stateless persons were naturalized between 2011-2018, but no official figures are yet confirmed.",2018,,SYR,STA
"An adjustment to 2015 end of year figures, in particular for the number of asylum applications pending on appeal and review, has resulted in a substantially lower figure for numbers of asylum-seekers reported in South Africa.",2015,,ZAF,ASY
"Figure of others of concern relates to persons who have specific protection needs and live in non-government-controlled areas or within 20 km of the contact line in government-controlled areas.",2019,,UKR,OOC
"Figure of stateless persons is an estimate and currently under review.",2015,,ZWE,STA
"In the absence of official data, the figure reported refers to stateless persons and persons with undetermined nationality identified by UNHCR partner organizations in Turkmenistan. The increase in the reported figure is due to the identification of new people in stateless situations.",2022,,TKM,STA
"Only those asylum-seekers facing acute or imminent protection risks are registered by UNHCR. In addition, there are some 12,400 other asylum-seekers who were individually assessed, counselled and advised to inform UNHCR of any changes in their situation, which would justify a decision to register them.",2021,,SAU,ASY
"Updated figure from the National Institute of Statistics (ISTAT).",2015,,ITA,STA
"The 303,100 Vietnamese refugees are well integrated and in practice receive protection from the Government of China.","2019 - 2021",,CHN,REF
"With regard to the statelessness figures, in 2020, Colombia granted nationality by birth to 7,700 children with undetermined nationality born in Colombia to Venezuelan parents displaced abroad. As these children were both identified as persons with undetermined nationality and granted Colombian nationality in 2020, there was no impact on the figures reported.",2020,,COL,STA
"In November 2017, UNHCR jointly with the Ministry of Interior (MoI) and the Ministry of Labour and Social Care carried out a field verification of all ex-Yugoslav refugees with unresolved status issues, including those of undetermined nationality. The field exercise covered 2,318 individuals (including 42% children) in 20 municipalities. The exercise identified  145 persons of undetermined nationality. Following the verification exercise, UNHCR and the MoI formed a working group to jointly assess each case and look for solutions in Montenegro or in the countries of origin.",2018,,MNE,STA
"In 2010, the Government reported 86,703 stateless persons with permanent residence. The figure has been adjusted provided that citizenship of Uzbekistan was granted to 1,148 persons since December 2016. Information on other categories of stateless persons is not available.",2017,,UZB,STA
"The profiles that are registered under this undetermined nationality category provided by the Ministry of Interior are not clearly defined and therefore these 9,641 have been removed from Stateless statistics published for Belgium.",2020,,BEL,STA
"Figure from the 2011 census. It includes 63 stateless persons who held permits to stay in Slovakia at the end of 2011. No updated data on the number of stateless persons is available.","2015 - 2018",,SVK,STA
"Figure refers to the census figure from 2010 adjusted to reflect the number of stateless persons who acquired nationality in 2011-2016.",2016,,RUS,STA
"Various studies estimate that a large number of individuals lack citizenship certificates in Nepal. While these individuals are not all necessarily stateless, UNHCR has been working closely with the Government of Nepal and partners to address this situation.","2015 - 2019",,NPL,STA
"Refugee figure for Iraqis was a Government estimate. UNHCR has registered and is assisting 16,300 Iraqis at the end of 2017. Figure for stateless persons is an estimate.",2017,IRQ,SYR,"REF,STA"
"Asylum applications and pending figures are adjusted with the average number of person per case(1.3).",2016,,GBR,ASY
"All 58 persons were in the final stages of naturalization or citizenship confirmation formalities.",2019,,KGZ,STA
"The figure of others of concern has been provided by the Government of Colombia.",2022,COL,,OOC
"Stateless persons include persons who came from other countries to live and work in Singapore and lost their foreign citizenship over time, and children born in Singapore but not eligible for Singapore Citizenship at birth and whose parents confer nationality to them.",2018,,SGP,STA
"The statelessness figure is based on a 2019 mapping study jointly conducted by the Government and UNHCR.",2021,,CIV,STA
"In 2020, the refugee estimates were updated using the data provided by ISTAT for 2019, augmented with the decisions on asylum applications provided by the Ministry of Interior in 2020. The ISTAT statistics provide the total number of people with valid refugee residence permits, disaggregated for the 50 most common countries of origins. This resulted in a reduction in the start-year refugee population of 91,200 refugees.",2020,,ITA,REF
"The figure reported under “Stateless people including displaced Rohingya population from Myanmar” relates to stateless persons who are also refugees from Myanmar, mainly from Rakhine State. This figure exceptionally includes 932,204 stateless refugees who are also counted in the column under “Refugees” in Annex Table 1. UNHCR’s statistical reporting currently follows a methodology that reports on one legal status as a person of concern only. However, due to the extraordinary size of the newly displaced stateless population in Bangladesh, UNHCR considered it important to reflect, on an exceptional basis, the dual status that this population group possesses as both refugees and stateless persons as to do otherwise might convey the mistaken impression that the overall number of stateless persons has declined significantly. For more information on UNHCR’s approach in reporting on this population group, please refer to the text box on p. 53 of Global Trends 2017 report.",2017,,BGD,STA
"A study is being pursued to provide a revised estimate of statelessness figure.","2016 - 2018",,ZWE,STA
"The 1.5 million refugees includes around 1,252,800 registered refugees, around 135,700 unregistered members of registered families who were being verified at the time of reporting and were recorded through the documentation renewal and information verification exercise (DRIVE) and around 117,500 Afghans who arrived in the country on or after 1 January 2021.",2022,,PAK,REF
"The statelessness figure is based on a Government estimate of individuals who themselves or whose parents or grandparents migrated to Côte d’Ivoire before or just after independence and who did not establish their nationality at independence or before the nationality law changed in 1972. The estimate is derived in part from cases denied voter registration in 2010 because electoral authorities could not determine their nationality at the time. The estimation is adjusted to reflect the number of persons who acquired nationality through the special ‘acquisition of nationality by declaration’ procedure until end of 2016. The estimate does not include individuals of unknown parentage who were abandoned as children and who are not considered as nationals under Ivorian law.","2016 - 2018",,CIV,STA
"Refugee figure for Iraqis in the Syrian Arab Republic was a Government estimate. UNHCR has registered and is assisting 16,900 Iraqis at the end of 2016.",2016,IRQ,SYR,REF
"The total figure at the end of 2015 includes 243,000 persons in Bangladesh originating from Myanmar in a refugee-like situation. The Government of Bangladesh estimates the population to be between 300,000 and 500,000.",2015,MMR,BGD,REF
"UNHCR is currently working with the authorities and other actors to determine the size of the population that found an effective nationality solution under Law 169-14. Since the adoption of Law 169-14 in May 2014, important steps have been taken by the Dominican Republic to confirm Dominican nationality through the validation of birth certificates of individuals born in the country to two migrant parents before 2007. According to information shared by the Dominican delegation during the 2019 High-Level Segment on Statelessness, approximately 48 per cent of the total Group A population of 61,049 persons had been authorized by the National Electoral Board (JCE) to request their nationality documentation. Additionally, as of December 2019, over 1,700 Group B persons (900 of which were children) had submitted applications for naturalization to the Ministry of Interior and of the Police (MIP). However, no naturalization decisions concerning this population had been issued by June 2022.",2022,,DOM,STA
"The figure is based on an NGO analysis of government data and may not represent the full magnitude of statelessness in Slovenia.",2018,,SVN,STA
"When presenting statistics on internal displacement, UNHCR applies two different sources: the Internal Displacement Monitoring Centre’s IDP statistics are incorporated in the total forcibly displaced while those IDPs protected/assisted by UNHCR are included in the total population that UNHCR is mandated to protect and/or assist.  The two sources of IDP data vary significantly in certain countries.",2022,,,IDP
"The figure of persons of concern under the statelessness mandate relates to stateless persons in Rakhine State and persons of undetermined nationality residing in other States in Myanmar. The figure of stateless persons in Rakhine State has been estimated on the basis of the 2014 census report. It does not include an estimated 147,000 stateless IDPs, persons in an IDP-like situation who are also of concern under the statelessness mandate because they are already included within the figures on IDPs. In Rakhine State, the total number of stateless persons is estimated to be approximately one million. Revisions have been made to reduce the number of stateless persons due to departures to Bangladesh after October 2016. Outside of Rakhine State, the figure of those with undetermined nationality (25,939) is based on government data released on 27 December 2016 indicating the number of persons who hold an Identity Card for National Verification, whose citizenship has not yet been confirmed.",2016,,MMR,"STA,IDP"
"The UK’s stateless figures show the number of stateless individuals recognised through the UK's stateless determination procedure since it began in 2013. In previous years, this figure has been calculated by adding all grants of stateless leave. This resulted in unavoidable double counting for stateless individuals who were applying for further statelessness leave after the expiry of their initial grant of leave. The UK Government has now provided data for initial and subsequent grants. The subsequent grants have therefore been removed from the previous cumulative figure between 2013 - 2018. Since 2019, the cumulative figure now only includes initial grants of leave following individuals’ recognition as stateless. At the end of 2021, the total number of individuals recognised under UK’s statelessness determination procedure is 293. UNHCR further provides the number of asylum-seekers and refugees whose nationality has been recorded as ‘stateless’ as part of the asylum process. For this group there has been no formal determination that they are stateless.",2022,,GBR,STA
"UNHCR is verifying the number of stateless persons with the Government of Saudi Arabia.","2019 - 2021",,SAU,STA
"Figure of Stateless persons was estimated from the 2014 census. It does not include an estimated 151,921 stateless IDPs, persons in an IDP-like situation who are also of concern under the statelessness mandate because they are already included within the figures on IDPs.In Rakhine State it is estimated to be approximately one million.",2015,,MMR,STA
"Figure from the 2011 census. It includes 23 persons registered as stateless by the Government of Croatia.","2015 - 2017",,HRV,STA
"The reduction of about 109,400 is due to improved estimates of Somali refugees in Yemen. Starting in September 2020, UNHCR has been working with the authorities and other actors to improve estimates of refugee and asylum-seeker statistics in Yemen.",2020,,YEM,REF
"The methodology for estimating the number of refugees in Australia is under review and subject to adjustment in future reports. The asylum-seeker figure is based on the number of applications lodged for protection visas.","2019 - 2022",,AUS,REF
"The UK’s stateless figures show the number of stateless individuals recognised through the UK's stateless determination procedure since it began in 2013. In previous years, this figure has been calculated by adding all grants of stateless leave. This resulted in unavoidable double counting for stateless individuals who were applying for further statelessness leave after the expiry of their initial grant of leave. The UK Government has now provided data for initial and subsequent grants. The subsequent grants have therefore been removed from the previous cumulative figure between 2013 - 2018. Since 2019, the cumulative figure now only includes initial grants of leave following individuals’ recognition as stateless. At the end of 2021, the total number of individuals recognised under UK’s statelessness determination procedure is 258. UNHCR further provides the number of asylum-seekers and refugees whose nationality has been recorded as ‘stateless’ as part of the asylum process. For this group there has been no formal determination that they are stateless.",2021,,GBR,STA
"In October 2020, UNHCR Iran received the data on total number of refugees from the Government of the Islamic Republic of Iran, on which consultations are ongoing. According to it, 800,000 refugee card holders reside in the Islamic Republic of Iran, 780,000 of whom are Afghans and 20,000 Iraqis. The last time the Iranian Government had shared information on Afghan refugee population was in May 2015, when according to it 951,410 Afghan refugees resided in Iran; the Iraqi refugee population data was shared in 2013, and according to it 28,268 Iraqi refugees resided in Iran. UNHCR is in consultations with the authorities to understand the reasons behind the decrease reported in 2020 data (170,081 for Afghan refugees and 8,268 for Iraqi refugees).",2020,,IRN,REF
"The figure of 18,500 is an estimate by UNHCR with input from stateless communities.",2018,,KEN,STA
"The figure reported under “Stateless people including displaced Rohingya population from Myanmar”  relates to stateless persons in Rakhine State and persons of undetermined nationality residing in other States in Myanmar. This figure exceptionally  include 125,575 stateless IDPs who are also counted in the column under “IDPs protected/assisted by UNHCR, including people in IDP-like situations” in Annex Table 1. Outside of Rakhine State, the figure of those with undetermined nationality (25,939) is based on government data released on 27 December 2016 indicating the number of persons who hold an Identity Card for National Verification, whose citizenship has not yet been confirmed. The number of stateless persons in Rakhine State was estimated to be approximately one million at the end of 2016. Following large-scale departures to Bangladesh in 2017, the number of stateless persons in Rakhine State (470,000) has significantly declined in comparison to the numbers reported in 2016 and previous years. UNHCR’s statistical reporting currently follows a methodology that reports on one legal status as a person of concern only. However, due to the extraordinary size of the newly displaced stateless population in Bangladesh and within Myanmar, UNHCR considered it important to reflect, on an exceptional basis, the dual status that this population group possesses as both IDPs and stateless persons as to do otherwise might convey the mistaken impression that the overall number of stateless persons has declined significantly. For more information on UNHCR’s approach in reporting on this population group, please refer to the text box on p. 53 of Global Trends 2017 report.",2017,,MMR,STA
"Updated figure from the Portuguese Immigration Service referring to 2013.","2015 - 2018",,PRT,STA
"The statelessness figure refers to stateless persons with permanent residence reported by the Government of Uzbekistan in November 2020 under the XII Report on compliance of Uzbekistan with CERD. Information on other categories of statelessness is unavailable.",2020,,UZB,STA
"With respect to persons under UNHCR’s statelessness mandate, this figure includes persons of concern covered by two separate Latvian laws. 174 persons fall under the Republic of Latvia’s Law on Stateless Persons on 17 February 2004. 224,670 of the persons fall under Latvia’s 25 April 1995 Law on the Status of those Former USSR Citizens who are not Citizens of Latvia or Any Other State (“Non-citizens”). In the specific context of Latvia, the “Non-citizens” enjoy the right to reside in Latvia ex lege and a set of rights and obligations generally beyond the rights prescribed by the 1954 Convention relating to the Status of Stateless Persons, including protection from removal, and as such the “Non-citizens” may currently be considered persons to whom the Convention does not apply in accordance with Article 1.2(ii).",2018,,LVA,STA
"The statelessness figure refers to stateless persons with permanent residence reported by the Government in 2010. The figure has been adjusted provided that citizenship of Uzbekistan was granted to 1,148 persons since December 2016. Information on other categories of stateless persons is not available.",2017,,UZB,STA
"Figure refers to stateless persons with permanent residence reported by the Government in 2010. Information on other categories of stateless persons is not available.",2015,,UZB,STA
"Refugee figure relate to the end of 2016.",2017,,LUX,REF
"Asylum applications which are reported as cases can be multiplied overall by average number of person per case of 1.3 when summarising the data by country of asylum, but not origin.  This is due to the significant variance in the average case size by country of origin.","2017 - 2022",,GBR,ASY
"No official data on the actual number of refugees residing in Bulgaria is available. According to estimates, between 1,000 and 2,000 refugees and humanitarian status holders remain in the country. It is expected that the 2021 National Census, which will include the first-time refugee and stateless populations, will provide more accurate data.",2020,,BGR,REF
"Refugee figure related to the end of 2016.",2018,,BEL,REF
"Figure relates to stateless persons in Rakhine State and persons of undetermined nationality residing in other states in Myanmar. The figure of stateless persons in Rakhine State has been estimated on the basis of the 2014 census report. It does not include an estimated 147,000 stateless IDPs, persons in an IDP-like situation who are also of concern under the statelessness mandate because they are already included within the figures on IDPs. In Rakhine State, the total number of stateless persons is estimated to be approximately one million. Revisions have been made to reduce the number of stateless persons due to departures to Bangladesh after October 2016. Outside of Rakhine State, the figure of those with undetermined nationality (25,939) is based on government data released on 27 December 2016 indicating the number of persons who hold an Identity Card for National Verification, whose citizenship has not yet been confirmed.",2016,,MMR,STA
"The updated figure is based on a registration exercise covering 24 municipalities in 2014 and 2015.",2015,,PHL,STA
"Number of refugees is based on the data received from the government as of start-2022.  Previously, UNHCR estimated the refugee population.",2022,,NLD,REF
"A limited number of countries record refugee and asylum statistics by country of birth rather than country of origin. This affects the number of refugees reported as originating from the United States of America.","2015 - 2022",USA,,"REF,ASY"
"The refugee figure relates to the end of 2016.",2018,,BEL,REF
"The figure is an estimate and currently under review.",2015,,ZWE,STA
"The number of Rwandan refugees in the Democratic Republic of the Congo is subject to change based on an ongoing registration exercise. The figure 245,000 was provided by the Government of Democratic Republic of the Congo.",2015,RWA,COD,REF
"Various studies estimate that a significant number of individuals originally from Nepal lack citizenship certificates. While these individuals originally from Nepal are not all necessarily stateless, UNHCR has been working closely with the Government of Nepal and partners to address this situation.","2020 - 2022",,NPL,STA
"The 2022 mid-year statelessness figure refers to stateless persons with permanent residence in Uzbekistan officially reported by the Government of Uzbekistan to UNHCR as of 30 June 2022. Information on other categories of statelessness is unavailable.",2022,,UZB,STA
"The statelessness figure refers to a census from 2011 and has been adjusted to reflect the number of persons with undetermined nationality who had their nationality confirmed in 2011-2019.",2019,,ALB,STA
"The great majority are former Yugoslav citizens who have yet to have their Serbian nationality formally recognized through the issuance of documents proving nationality.","2015 - 2017",,SRB,STA
"Data on stateless and persons with undetermined nationality were provided by different authorities and have different cut-off dates: while data on stateless are updated as of 30 June, data on persons with undetermined nationality are as of end of January 2022.",2022,,MDA,STA
"Figure from 2009 census. 1,640 persons were registered by the Ministry of Interior as stateless at the end of 2012.","2015 - 2016",,AZE,STA
"Figure refers to a census from 2011 and has been adjusted to reflect the number of persons with undetermined nationality who had their nationality confirmed in 2011-2017.",2017,,ALB,STA
"The total statelessness figure includes 480,696 stateless persons reported by the Royal Thai Government and registered with the national civil registration system as of end-2020.",2020,,THA,STA
"Refugee figure for Syrians in Turkey is a Government estimate.","2017 - 2018",SYR,TUR,REF
"According to the Government of Algeria, there are an estimated 165,000 Sahrawi refugees in the Tindouf camps. Statistical data relating to refugees are entirely for humanitarian purposes. The total number of persons in need of humanitarian assistance services is estimated to be far higher than this figure.","2018 - 2022",,DZA,REF
"A study is being pursued to provide a revised estimate of the statelessness figure.","2019 - 2022",,ZWE,STA
"An adjustment to 2014 end of year figures in particular for the number of asylum applications pending on appeal and review has resulted in a substantially higher figure for numbers of asylum seekers reported in South Africa for 2015. It should be noted that the current legal framework in South Africa does not enable the withdrawal (whether explicit or implicit) of asylum applications lodged.",2015,,ZAF,ASY
"Australia’s figures for asylum-seekers are based on the number of applications lodged for protection visas.","2015 - 2016",,AUS,ASY
"Updated figure from the Royal Thai Government. The decrease includes the grant of Thai nationality to over 18,000 stateless people in the last three years.",2015,,THA,STA
"Figure refers to individuals without a nationality who were born in the Dominican Republic prior to January 2010 and who were identified by UNHCR in Haiti since June 2015.","2016 - 2017",,HTI,STA
"Updated figure is based on a registration and community legal assistance programme undertaken in West Malaysia by a local NGO with technical support from UNHCR, which began in 2014. During 2018, 781 persons of those registered acquired Malaysian nationality.",2018,,MYS,STA
"Includes 104 persons in a refugee-like situation.",2015,SRB,MKD,REF
"All figures refer to the mid of 2018.",2018,,ZAF,ASY
"Includes 34,600 Iraqi refugees registered with UNHCR in Jordan. The Government estimated the number of Iraqis at 400,000 individuals at the end of March 2015. This includes refugees and other categories of Iraqis.",2018,IRQ,JOR,REF
"According to the Government of Algeria, there are an estimated 165,000 Sahrawi refugees in the Tindouf camps.","2016 - 2017",ESH,DZA,REF
"The figure does not represent the entire number of persons registered as stateless in the German Central Aliens Register. The number of stateless persons holding a humanitarian residence title (not all of whom are persons of concern to UNHCR) and the number of stateless asylum-seekers have been deducted from it.","2015 - 2017",,DEU,STA
"Includes 34,000 Iraqi refugees registered with UNHCR in Jordan. The Government estimated the number of Iraqis at 400,000 individuals at the end of March 2015. This includes refugees and other categories of Iraqis.",2017,IRQ,JOR,REF
"The number of other people in need of international protection is estimated from the RMRP.",2022,,CHL,OIP
"The great majority are former Yugoslav citizens who have yet to have their nationality of North Macedonia formally recognized through the issuance of documents proving nationality.",2018,,MKD,STA
"Refugee figure includes 932,204 stateless persons from Myanmar.",2017,,BGD,REF
"The Republic of Latvia enacted a Law on Stateless Persons on 17 February 2004, which replaced the Law on the Status of Stateless Persons in the Republic of Latvia of 18 February 1999, and which determines the legal status of persons who are not considered as citizens by the legislation of any State and whose status is not determined by the 25th April 1995 Law. This figure includes persons of concern who fall under Latvia’s 25 April 1995 Law on the Status of those Former USSR Citizens who are not Citizens of Latvia or Any Other State (“Non-citizens”). In the specific context of Latvia, the “Non-citizens” enjoy the right to reside in Latvia ex lege and a set of rights and obligations generally beyond the rights prescribed by the 1954 Convention relating to the Status of Stateless Persons, including protection from removal, and as such the “Non-citizens” may currently be considered persons to whom the Convention does not apply in accordance with Article 1.2(ii).",2016,,LVA,STA
"Figure refers to the census figure from 2010 adjusted to reflect the number of stateless persons who acquired nationality in 2011-2017.",2017,,RUS,STA
"The total figure includes 243,000 persons originating from Myanmar in a refugee-like situation. The Government of Bangladesh estimates the population to be between 300,000 and 500,000.",2016,MMR,BGD,REF
"The refugee population in Jordan includes 34,300 Iraqis registered with UNHCR. The Government of Jordan estimated the number of Iraqis at 400,000 individuals at the end of March 2015. This includes refugees and other categories of Iraqis.","2019 - 2020",,JOR,REF
"This figure is an estimate of stateless persons in Rakhine State derived from the 2014 census. It does not include an estimated 151,921 stateless IDPs, persons in an IDP-like situation who are also of concern under the statelessness mandate because they are already included within the figures on IDPs. In Rakhine State it is estimated to be approximately one million.",2015,,MMR,STA
"The figures include an estimated 147,000 stateless IDPs, people in IDP-like situation who are also of concern under the statelessness mandate.",2016,MMR,MMR,IDP
"Figure is an extrapolation of the 2001 census figure of persons who self-declared as not having a nationality. It includes 5,650 persons who are registered as stateless by the Ministry of the Interior of Ukraine.",2018,,UKR,STA
"Figure of Stateless persons refers to the census figure from 2010 adjusted to reflect the number of stateless persons who acquired nationality in 2011- 2015. The figure includes 12,881 stateless persons holding a temporary or a permanent residence permit.",2015,,RUS,STA
"The 300,000 Vietnamese refugees are well integrated and in practice receive protection from the Government of China.","2015 - 2018",VNM,CHN,REF
"The total number of refugees is 78,398 at the end of 2019. The numbers published refer to end-2018, as validated disaggregated country of origin data for 2019 was not available at time of publication.",2019,,ZAF,REF
"This figure presents an estimate of persons with undetermined nationality/at risk of statelessness, based on a survey conducted by the Directorate General of Immigration and Emigration (DGIE) in 2010, which found approximately 9500 persons to be at risk of statelessness. Efforts are underway to conduct a survey that will provide an updated and reliable statistics in 2022.","2021 - 2022",,RWA,STA
"All figures refer to mid-2018.",2018,,ZAF,ASY
"Refugee figure relates to the end of 2016.","2017 - 2018",,LUX,REF
"UNHCR is currently working with the authorities and other actors to determine the size of the population that found an effective nationality solution under Law 169-14. Since the adoption of Law 169-14 in May 2014, important steps have been taken by the Dominican Republic to confirm Dominican nationality through the validation of birth certificates of individuals born in the country to two migrant parents. According to information released by the authorities, 26,153 individuals had been issued their Dominican civil documents by September of 2018. Additionally, 308 individuals formally presented their naturalization claims to the Ministry of Interior and Policeas of the end of 2018 and are awaiting their naturalization decrees.",2018,,DOM,STA
"The 2021 end-year statelessness figure refers to stateless persons with permanent residence in Uzbekistan officially reported by the Government of Uzbekistan to UNHCR as of 31 December 2021. Information on other categories of statelessness is unavailable. The reported figure includes a reduction of 2,200 people who acquired the citizenship of Uzbekistan from 1 to 31 December 2020, which was not included in the 2020 annual statistics as it was reported in February 2022.",2021,,UZB,STA
"An unknown number of refugees and asylum-seekers from South Sudan may be included under Sudan (in absence of separate statistics for both countries). IDP figure in South Sudan includes 105,000 people who are in an IDP-like situation.",2015,SSD,,IDP
"The total statelessness figure includes 474,888 non-displaced stateless persons reported by the Royal Thai Government and registered with the national civil registration system as of December 2019. This figure includes 119 stateless persons of Rohingya ethnicity from Myanmar who are also counted as others of concern to UNHCR. UNHCR’s statistical reporting generally follows a methodology that reports only one status for each person of concern. However, due to the size of the stateless Rohingya population displaced from Myanmar, UNHCR considers it important to reflect the dual status of this population group as others of concern to UNHCR and stateless. This approach is being used for Thailand for the first time in 2019.",2019,,THA,STA
"Number of stateless persons registered by the Department of Citizenship and Migration of the Ministry of Internal Affairs of Belarus. (In the 2009 census, 16,116 persons declared that they do not possess any nationality).","2015 - 2016",,BLR,STA
"The refugee population includes 200,000 persons originating from Myanmar in a refugee-like situation. The Government of Bangladesh estimates the population to be between 300,000 and 500,000.",2015,MMR,BGD,REF
"Refugee figure for Iraqis in the Syrian Arab Republic was a Government estimate. UNHCR has registered and is assisting 15,700 Iraqis at the end of 2018. The refugee population in Jordan includes 34,600 Iraqis registered with UNHCR. The Government of Jordan estimated the number of Iraqis at 400,000 individuals at the end of March 2015. This includes refugees and other categories of Iraqis.",2018,IRQ,,REF
"The great majority are former Yugoslav citizens who have yet to have their nationality of The former Yugoslav Republic of Macedonia formally recognized through the issuance of documents proving nationality.","2015 - 2017",,MKD,STA
"The Republic of Latvia enacted a Law on Stateless Persons on 17 February 2004, which replaced the Law on the Status of Stateless Persons in the Republic of Latvia of 18 February 1999, and which determines the legal status of persons who are not considered as citizens by the legislation of any State and whose status is not determined by the 25th April 1995 Law (quoted below).","2017 - 2018",,LVA,STA
"The figure relate to the end of 2016.",2018,,LUX,REF
"In Poland, the refugee population was rebased using the estimate of those likely to still be present on the territory of the State using the number of valid identity cards at year-end. This resulted in a reduction of some 10,200 refugees.",2020,,POL,REF
"Refugee figure for Iraqis  in the Syrian Arab Republic was a Government estimate. UNHCR has registered and is assisting 15,700 Iraqis at the end of 2018.",2018,IRQ,SYR,REF
"The refugee population in Jordan includes 34,350 Iraqis registered with UNHCR. The Government of Jordan estimated the number of Iraqis at 400,000 individuals at the end of March 2015. This includes refugees and other categories of Iraqis.",2021,IRQ,,REF
"By mid-2022, there were 234 Ukrainian nationals, 73 of whom were protected, a further 73 under temporary residence on humanitarian grounds and 161 with non-visa stay.",2022,,BIH,REF
"Refugee figure for Iraqis was a Government estimate. UNHCR has registered 15,700 Iraqis at the end of 2018. According to some reports many stateless persons were naturalized between 2011-2018, but no official figures are yet confirmed.",2018,IRQ,SYR,"REF,STA"
"Figure of stateless persons refers to individuals without a nationality who were born in the Dominican Republic prior to January 2010 and who were identified by UNHCR in Haiti during the reporting period.",2015,,HTI,STA
"The overall figures for Spain include cases granted refugee status (4%), subsidiary protection (1%) and cases that were granted authorization to stay based on humanitarian reasons (37%).",2020,,ESP,REF
"The refugee population in Bangladesh includes 243,000 persons in refugee- like situation from Myanmar. IDP figure in Myanmar includes 150,000 persons in an IDP-like situation.",2016,MMR,BGD,"REF,IDP"
"Data refers to number of cases or mix of persons and cases.","2016 - 2018",,BEL,ASY
"Figure refers to a census from 2011 and is currently under review.",2015,,ALB,STA
"Australia's figures for asylum-seekers are based on the number of applications lodged for protection visas.","2017 - 2018",,AUS,ASY
"The statelessness figure is based on a 2019 mapping study jointly conducted by the Government and UNHCR. On 30 June 2022, the cessation clause for Ivorian refugees recommended by UNHCR came into effect.",2022,,CIV,STA
"The statelessness figure refers to a census from 2011 and has been adjusted to reflect the number of persons with undetermined nationality who had their nationality confirmed in 2011-2017.","2017 - 2018",,ALB,STA
"Asylum applications and pending figures are adjusted with the average number of person per case(1.46).",2016,,USA,ASY
"Figure refers to persons who have been recognized as stateless through the statelessness determination procedure in 2013 - 2016.","2016 - 2017",,GBR,STA
"The statistics of the remaining IDPs at the end of 2015, while provided by the Government authorities at the district level, are being reviewed by the central authorities. Once this review has been concluded, the statistics will be changed accordingly.",2015,LKA,,IDP
"Figure is based on a Government estimate of individuals who themselves or whose parents or grandparents migrated to Côte d’Ivoire before or just after independence and who did not establish their nationality at independence or before the nationality law changed in 1972. The estimate is derived in part from cases denied voter registration in 2010 because electoral authorities could not determine their nationality at the time. The estimation is adjusted to reflect the number of persons who acquired nationality through the special ‘acquisition of nationality by declaration’ procedure until end of 2018. The estimate does not include individuals of unknown parentage who were abandoned as children and who are not considered as nationals under Ivorian law.",2018,,CIV,STA
"Refugee figure relates to the end of 2014.",2015,,GNB,REF
"Figure based on a registration exercise in three regions and 729 people registered as stateless by the Ministry of Internal Affairs of Tajikistan.",2015,,TJK,STA
"A study is being pursued to provide a revised estimate of this figure.","2016 - 2018",,ZWE,STA
"The overall figures for Spain include cases granted refugee status (3%), subsidiary protection (3%) and cases that were granted authorization to stay based on humanitarian reasons (63%).",2019,,ESP,REF
"The updated figure is based on improved information concerning persons of Indonesian descent who have acquired nationality.","2018 - 2022",,PHL,STA
"Figures are UNHCR estimates.","2015 - 2019",,JPN,"ASY,REF"
"Refers to refugee status determination conducted in Kosovo S/RES/1244(1999).","2015 - 2016",,SRB,ASY
"UNHCR’s global reporting standard for asylum statistics is for individual level data. To meet this standard, US Citizenship and Immigration Services (USCIS) shared the 2021 asylum data expressed in terms of individuals. Previously, USCIS provided data based on asylum “cases” and average family household size, which UNHCR used to estimate the total number of individual asylum applications before USCIS. The shift in 2021 to USCIS reporting of individuals (not cases) allows for more precise reporting, as well as more consistency across the U.S. asylum data, since the U.S. Executive Office for Immigration Review (EOIR) has already been reporting individual-level asylum statistics to UNHCR. UNHCR notes that the increase in the reported number of asylum applications filed with USCIS in 2021 primarily reflects this change in reporting modality.",2021,,USA,ASY
"No information on asylum applications registered or decisions taken during 2015 is available. Pending cases refers to September 2013.",2015,,ECU,ASY
"Asylum applications registered and decisions taken is limited to UNHCR data.",2015,,ISR,ASY
"The United States of America has not adopted a formal status determination procedure to identify stateless persons, and there is no official government data-tracking of the stateless population in the USA. As such, while the USA has a stateless population, the actual number is unknown.",2018,,USA,STA
"Almost all people recorded as being stateless have permanent residence and enjoy more rights than foreseen in the 1954 Convention relating to the Status of Stateless Persons.","2015 - 2022",,EST,STA
"Figure refers to individuals without a nationality who were born in the Dominican Republic prior to January 2010 and who were identified by UNHCR in Haiti from July 2015 to September 2017.",2018,,HTI,STA
"Refugee figure for Iraqis in the Syrian Arab Republic was a Government estimate. UNHCR is assisting 18,300 Iraqis at the end of 2015.",2015,IRQ,SYR,REF
"The total stateless population in Malaysia includes 9,040 non-displaced stateless persons who may be entitled to Malaysian nationality under the law. This number of non-displaced stateless persons is based on a registration and community legal assistance programme undertaken in West Malaysia by a local NGO with technical support from UNHCR.","2020 - 2022",,MYS,STA
"Figure from the 2011 census. It includes 28 persons registered as stateless by the Government of Croatia.",2018,,HRV,STA
"According to some reports many stateless persons have been naturalized since 2011, but no official figures are yet confirmed.","2019 - 2022",,SYR,STA
"By the end of 2017, a total of 6,072 persons out of the 8,745 persons of Indonesian descent registered by the Government of the Philippines between 2014-2016 were confirmed as Filipino, Indonesian or dual nationals.",2017,,PHL,STA
"Refugee figure includes 906,635 stateless persons from Myanmar.",2018,,BGD,REF
"No official data on the actual number of refugees residing in Bulgaria is available. According to estimates, between 1,000 and 2,000 refugees and humanitarian status holders remain in the country. It is expected that the 2021 National Census, which will include for the first-time refugee and stateless populations, will provide more accurate data by end of 2022.","2021 - 2022",,BGR,REF
"The National Victims Registry of Colombia contains the historical accumulated figure of the number of victims of displacement, which continues to increase given that victims continue to be registered in the country. Thus, the total number of people recognized as victims of displacement (more than 8.2 million), includes the number of IDPs who are subject to attention and/or reparation, i.e. those who meet the requirements to access the measures of attention and reparation established in Colombian Law 1448 (6.8 million). The number of victims of displacement who are deceased, or IDPs who were victims of homicide or forced disappearance, and other victims who, for various reasons, cannot effectively access these measures, are identified as not being subject to attention or reparation and therefore not included in the figure of 6.8 million. The figure is constantly updated, considering that by legal definition, victims have up to two years to make their declaration and be included in the registry system. See the summary: https://www.unidadvictimas.gov.co/es/registro-unico-de-victimas-ruv/37394.",2021,,COL,IDP
"Includes 33,100 Iraqi refugees registered with UNHCR in Jordan. The Government estimated the number of Iraqis at 400,000 individuals at the end of March 2015. This includes refugees and other categories of Iraqis.",2016,IRQ,JOR,REF
"Figure refers to persons who have been recognized as stateless through the statelessness determination procedure in 2013 - 2015.",2015,,GBR,STA
"Source: Eurostat",2019,,BEL,ASY
"Updated figure is based on a registration exercise covering 28 municipalities that has taken place between 2014 and 2016. 4,112 of the registered group were confirmed as Filipino, Indonesian or dual nationals during 2016.",2016,,PHL,STA
"New asylum applications were not received in 2021 while Refugee Reception Offices were closed due to the declaration of a national state of disaster (COVID-19 health pandemic).",2021,,ZAF,ASY
"UNHCR is currently working with the authorities and other actors to determine the size of the population that found an effective nationality solution under Law 169-14. Since the adoption of Law 169-14 in May 2014, important steps have been taken by the Dominican Republic to confirm Dominican nationality through the validation of birth certificates of individuals born in the country to two migrant parents. Thousands of individuals also are believed to have been issued their Dominican civil documents in 2016, although an official figure was not available for this report.",2016,,DOM,STA
"Since 2007, people in IDP-like situations are included in the IDP estimates. IDP figures since 2007 are not fully comparable with previous years.","2017 - 2018",,,IDP
"The IDP and others of concern figures do not include affected communities, who are not displaced, some of whom were targeted for assistance by UNHCR and partners.",2022,,UKR,IDP
"The figures include an estimated 125,000 stateless IDPs, people in IDP-like situation who are also of concern under the statelessness mandate.",2018,,MMR,IDP
"Pending a more accurate study into stateless in Iraq, the estimate of stateless persons in Iraq has been adjusted to reflect the reduction of statelessness in line with Law 26 of 2006, which allows stateless  persons to apply for nationality in certain circumstances.",2017,,IRQ,STA
"Stateless figure refers to individuals without a nationality who were born in the Dominican Republic prior to January 2010 and who were identified by UNHCR in Haiti since June 2015.",2018,,HTI,STA
"All figures refer to the end of 2016.","2017 - 2018",,BOL,ASY
"Asylum applications which are reported as cases can be multiplied overall by average number of person per case of 1.501 when summarising the data by country of asylum, but not origin.  This is due to the significant variance in the average case size by country of origin.","2018 - 2019",,USA,ASY
"UNHCR has recommended on 4 April 2014 to start the process of cessation of refugee status for refugees from Croatia displaced during the 1991-95 conflict. The Office suggests that cessation enters into effect latest by the end of 2017.","2015 - 2017",HRV,,REF
"Figure adjusted to reflect the results of a verification exercise, identification of new cases and the number of individuals who had their nationality confirmed between 2014 and 2016.",2016,,BIH,STA
"UNHCR is verifying the number of stateless persons with the Government of Saudi Arabia. Also, only those asylum-seekers facing acute or imminent protection risks are registered by UNHCR.",2022,,SAU,STA
"The statelessness figure refers to stateless persons with permanent residence reported by the Government of Uzbekistan in December 2019 under the XII Report on compliance of Uzbekistan with CERD. Information on other categories of statelessness is unavailable.",2019,,UZB,STA
"The statelessness figure refers to a census from 2011 and has been adjusted to reflect the number of persons with undetermined nationality who had their nationality confirmed in 2011-2016.",2016,,ALB,STA
"The total stateless population in Malaysia includes 9,040 non-displaced stateless persons who may be entitled to Malaysian nationality under the law. This number of non-displaced stateless persons is based on a registration and community legal assistance programme undertaken in West Malaysia by a local NGO with technical support from UNHCR, and, among those registered, 930 persons acquired Malaysian nationality in 2019. The total statelessness figure reported also includes 99,292 stateless persons of Rohingya ethnicity who are also counted as refugees or asylum-seekers from Myanmar, mainly from Rakhine State. UNHCR’s statistical reporting generally follows a methodology that reports only one legal status for each person of concern. However, due to the size of the stateless Rohingya population displaced from Myanmar, UNHCR considers it important to reflect the dual status of this population group as both displaced and stateless. This approach is being used for Malaysia for the first time in 2019.",2019,,MYS,STA
"The figure of Others of concern has been provided by the Government of Colombia.","2019 - 2020",,COL,OOC
"Pending a more accurate study into statelessness in Iraq, the figure is an estimate based on various sources.","2019 - 2022",,IRQ,STA
"Refers to Palestinian refugees under the UNHCR mandate only.","2015 - 2018, 2020, 2022",PSE,,REF
"Refugee figure relates to the end of 2015.",2016,,AGO,REF
"Figure of stateless persons was estimated from the 2014 census. It does not include an estimated 151,921 stateless IDPs, persons in an IDP-like situation who are also of concern under the statelessness mandate because they are already included within the figures on IDPs.In Rakhine State it is estimated to be approximately one million.",2015,MMR,,STA
"The figure includes persons determined to be stateless following the statelessness determination procedure and persons with undetermined nationality who hold expired Soviet passports.","2015 - 2018",,MDA,STA
"With respect to persons under UNHCR’s statelessness mandate, this figure includes persons of concern covered by two separate Latvian laws. 178 persons fall under the Republic of Latvia’s Law on Stateless Persons on 17 February 2004. 252,017 of the persons fall under Latvia’s 25 April 1995 Law on the Status of those Former USSR Citizens who are not Citizens of Latvia or Any Other State (“Non-citizens”). In the specific context of Latvia, the “Non-citizens” enjoy the right to reside in Latvia ex lege and a set of rights and obligations generally beyond the rights prescribed by the 1954 Convention relating to the Status of Stateless Persons, including protection from removal, and as such the “Non-citizens” may currently be considered persons to whom the Convention does not apply in accordance with Article 1.2(ii).",2015,,LVA,STA
"The total statelessness figure includes 566,700 stateless persons reported by the Royal Thai Government and registered with the national civil registration system as of mid-2022.",2022,,THA,STA
"The refugee population in Jordan includes 34,000 Iraqis registered with UNHCR. The Government of Jordan estimated the number of Iraqis at 400,000 individuals at the end of March 2015. This includes refugees and other categories of Iraqis.",2022,,JOR,REF
"Updated figure is based on a registration and community legal assistance programme undertaken in West Malaysia by a local NGO with technical support from UNHCR, which began in 2014. During 2017, 906 persons of those registered acquired Malaysian nationality.",2017,,MYS,STA
"Decisions during 2018 are not available.",2018,,NRU,ASY
"Figure refers to a census from 2011 and has been adjusted to reflect the number of persons with undetermined nationality who had their nationality confirmed in 2011-2016.",2016,,ALB,STA
"This includes around 800,000 refugees and 40,700 UNHCR pre-registered new arrivals, reported as refugee-like. Based on information received from the Government in October 2020, the Islamic Republic of Iran hosts 800,000 refugees, of which 780,000 are Afghan Amayesh cardholders and 20,000 are Iraqi Hoviat cardholders. These cards effectively offer refugee status to their holders.",2022,,IRN,REF
"The statelessness figure refers to stateless persons with permanent residence reported by the Government in 2010. The figure has been adjusted to reflect the acquisition of nationality of 179 formerly stateless persons. Information on other categories of stateless persons is not available.",2016,,UZB,STA
"Refugee figure for Iraqis and stateless persons in the Syrian Arab Republic was a Government estimate. UNHCR has registered and is assisting 16,900 Iraqis at the end of 2016.",2016,,SYR,"STA,REF"
"The refugee population includes 243,000 persons originating from Myanmar in a refugee-like situation. The Government of Bangladesh estimates the population to be between 300,000 and 500,000.",2016,,BGD,REF
"This figure includes persons of concern who fall under Latvia’s 25 April 1995 Law on the Status of those Former USSR Citizens who are not Citizens of Latvia or Any Other State (“Non-citizens”). In the specific context of Latvia, the “Non-citizens” enjoy the right to reside in Latvia ex lege and a set of rights and obligations generally beyond the rights prescribed by the 1954 Convention relating to the Status of Stateless Persons, including protection from removal, and as such the “Non-citizens” may currently be considered persons to whom the Convention does not apply in accordance with Article 1.2(ii).","2017 - 2018",,LVA,STA
"A total of 211,740 IDPs are reported in Serbia and Kosovo: (S/RES/1244 (1999)), of which 15,674 IDPs were reported in Kosovo*. At least 68,514 IDPs in Serbia were identified as continuing to have displacement related needs in 2018.  See: https://kirs.gov.rs/media/uploads/Migracije/Publikacije/Eng/Situation_and_Needs_of_IDPs_2018.pdf",2022,,SRB,IDP
"The Republic of Latvia enacted a Law on Stateless Persons on 17 February 2004, which replaced the Law on the Status of Stateless Persons in the Republic of Latvia of 18 February 1999, and which determines the legal status of persons who are not considered as citizens by the legislation of any State and whose status is not determined by the 25th April 1995 law (quoted below).",2015,,LVA,STA
"The figure of IDP returns was released by the ""Commissions de mouvements de population” and covers the period from April 2018 to September 2019.",2019,,COD,"IDP,OOC"
"IDP figure in Myanmar includes 120,000 persons in an IDP-like situation.","2017 - 2018",MMR,MMR,IDP
"In the absence of official data, the figure reported refers to stateless persons and persons with undetermined nationality identified by UNHCR partner organizations in Turkmenistan. The increase in the reported figure is due to the identification of new persons in stateless situations.",2021,,TKM,STA
"The figure includes: i) 300,000 children abandoned at birth: Government estimate of individuals of unknown parentage who were abandoned as children and who are not considered as nationals under Ivorian law. ii) 400,000 descendants of immigrants: Government estimate of individuals who themselves or whose parents or grandparents migrated to Côte d’Ivoire before or just after independence and who did not establish their nationality at independence or before the nationality law changed in 1972. The estimate is derived in part from cases denied voter registration in 2010 because electoral authorities could not determine their nationality at the time.",2015,,CIV,STA
"Decisions during the year are not available.",2017,,NRU,ASY
"Figure at the end of 2016 refers to 33,100 Iraqi refugees registered with UNHCR. The Government estimated the number of Iraqis at 400,000 individuals at the end of March 2015. This includes refugees and other categories of Iraqis.",2016,IRQ,JOR,REF
"The figure is an estimate.","2015 - 2017",,SYR,STA
"The statelessness figure refers to the census figure from 2010 adjusted to reflect the number of stateless persons who acquired nationality in 2011-2018.",2018,,RUS,STA
"Since 2007, people in refugee-like situations are included in the refugee estimates. Figures as from 2007 are not fully comparable with previous years","2017 - 2018",,,REF
"Figure refers to stateless persons with permanent residence reported by the Government in 2010. The figure has been adjusted to reflect the acquisition of nationality of 179 formerly stateless persons. Information on other categories of stateless persons is not available.",2016,,UZB,STA
"Figure refers to persons who have been recognized as stateless through the statelessness determination procedure in 2013 - 2018.",2018,,GBR,STA
"The figure reported under “Stateless people including displaced Rohingya population from Myanmar”  relates to stateless persons in Rakhine state and persons of undetermined nationality residing in other states in Myanmar. This figure includes stateless IDPs who are also of concern under the statelessness mandate.The number of remaining stateless persons residing in northern Rakhine after the violence of 2016 and 2017 and the large scale departures to Bangladesh was uncertain as no comprehensive data was available and access had been severely constrained. The numbers of remaining Rohingya population in Rakhine State was estimated based on the outcome of a very thorough, village tract by village tract, exercise conducted by UNHCR and the Maungdaw Inter-Agency Group members (a group composed of all UN and NGOs operational in northern Rakhine State) in early 2018. The outcome of this exercise enabled UNHCR to conclude that between 532,000 to 600,000 stateless persons remain in Rakhine State (inclusive of both displaced and non-displaced stateless), among which between 200,000 and 240,000 are in the three northern townships. For the purpose of the UNHCR’s Global Trend Report the higher range of this estimate has been used. Outside of Rakhine state, the figure of those with undetermined nationality (25,939) is based on government data released on 27 December 2016 indicating the number of persons who hold an Identity Card for National Verification, and whose Myanmar citizenship has not yet been confirmed.",2018,,MMR,STA
"The figure refers to the census figure from 2010 adjusted to reflect the number of stateless persons who acquired nationality in 2011-2015. The figure includes 12,881 stateless persons holding a temporary or a permanent residence permit.",2015,,RUS,STA
"Refugee figure for Iraqis in the Syrian Arab Republic was a Government estimate. UNHCR has registered and is assisting 18,300 Iraqis at the end of 2015. The refugee population in Jordan includes 33,200 Iraqis registered with UNHCR. The Government of Jordan estimated the number of Iraqis at 400,000 individuals at the end of March 2015. This includes refugees and other categories of Iraqis.",2015,IRQ,SYR,REF
"Refugee figure for Iraqis and Stateless persons in the Syrian Arab Republic was a Government estimate. UNHCR has registered and is assisting 16,300 Iraqis at the end of 2017.",2017,,SYR,"STA,REF"
"The figure is an extrapolation of the 2001 census figure of persons who self-declared as not having a nationality. It includes 3,217 persons who are registered as stateless by the Ministry of the Interior of Ukraine.",2015,,UKR,STA
"The updated statelessness figure is based on a registration and community legal assistance programme undertaken in West Malaysia by a local NGO with technical support from UNHCR, which began in 2014. During 2016, 874 persons of those registered acquired Malaysian nationality.",2016,,MYS,STA
"Figure based on a registration exercise in three regions and 769 people registered as stateless by the Ministry of Internal Affairs of Tajikistan.","2016 - 2018",,TJK,STA
"The 2014 ministerial declaration that offered Prima Facie refugee status to persons fleeing generalised violence from Central African Republic from January 2013 onwards is no longer applicable. As such, all refugees are assessed on an individual basis by the National Commission for Refugees.","2021 - 2022",,COD,ASY
"The refugee figure is currently under review, which may lead to an adjustment in future reports.",2015,,USA,REF
"UNHCR is currently working with the authorities and other actors to determine the size of the population that found an effective nationality solution under Law 169-14. Since the adoption of Law 169-14 in May 2014, important steps have been taken by the Dominican Republic to confirm Dominican nationality through the validation of birth certificates of individuals born in the country to two migrant parents before 2007. According to information shared by the Dominican delegation during the 2019 High-Level Segment on Statelessness, approximately 48 per cent of the total Group A population of 61,049 persons had been authorized by the National Electoral Board (JCE) to request their nationality documentation. Additionally, as of December 2019, over 1,700 Group B persons (900 of which were children) had submitted applications for naturalization to the Ministry of Interior and of the Police (MIP). However, no naturalization decisions concerning this population had been issued by June 2021. Data on refugees and asylum-seekers is as of mid-2021.",2021,,DOM,STA
"Refers to Government estimates.","2015 - 2016",IRQ,SYR,REF
"With respect to persons under UNHCR’s statelessness mandate, this figure includes persons of concern covered by two separate Latvian laws. 164 persons fall under the Republic of Latvia’s Law on Stateless Persons on 17 February 2004. 195,190 of the persons fall under Latvia’s 25 April 1995 Law on the Status of those Former USSR Citizens who are not Citizens of Latvia or Any Other State (“Non-citizens”). In the specific context of Latvia, the “Non-citizens” enjoy the right to reside in Latvia ex lege and a set of rights and obligations generally beyond the rights prescribed by the 1954 Convention relating to the Status of Stateless Persons, including protection from removal, and as such the “Non-citizens” may currently be considered persons to whom the Convention does not apply in accordance with Article 1.2(ii).","2021 - 2022",,LVA,STA
"The estimated figure of persons of concern under the statelessness mandate relates to stateless persons of Rohingya ethnicity in Rakhine State and also includes stateless IDPs in Myanmar. The number of persons of undetermined nationality residing in other states or regions in Myanmar is not currently available. The number of stateless persons remaining in Rakhine State following violence in 2016 and 2017 and large scale departures to Bangladesh is based on detailed estimates for each village tract made by UNHCR, other UN agencies and NGOs in early 2018, which concluded that between 532,000 to 600,000 Rohingya remained in Rakhine State (including an estimated 140,886 of those Rohingya who have been internally displaced). For the purposes of this report, the higher range of this estimate has been used.","2019 - 2022",,MMR,STA
"This figure includes persons of concern who fall under Latvia’s 25th April 1995 Law on the Status of those Former USSR Citizens who are not Citizens of Latvia or Any other State (“Non-citizens”). In the specific context of Latvia, the “Non- citizens” enjoy the right to reside in Latvia ex lege and a set of rights and obligations generally beyond the rights prescribed by the 1954 Convention relating to the Status of Stateless Persons, including protection from removal, and as such the “Non-citizens” may currently be considered persons to whom the Convention does not apply in accordance with Article 1.2(ii).",2015,,LVA,STA
"The figure is based on an NGO analysis of government registry data and may not represent the full magnitude of statelessness in Slovenia.","2015 - 2017",,SVN,STA
"Figure refers to a population of undetermined nationality.","2015 - 2018",,CRI,STA
"The figures include an estimated 141,000 stateless IDPs who are also of concern under the statelessness mandate.","2019 - 2020",,MMR,IDP
"UNHCR is currently working with the authorities and other actors to determine the size of the population that found an effective nationality solution under Law 169-14. Since the adoption of Law 169-14 in May 2014, important steps have been taken by the Dominican Republic to confirm Dominican nationality through the validation of birth certificates of individuals born in the country to two migrant parents. According to information released by the authorities, 20,872 individuals had been issued their Dominican civil documents by the end of 2017.",2017,,DOM,STA
"Nigerian returnees from Cameroon are now in IDP-like situations.","2015 - 2016",NGA,NGA,IDP
"An adjustment to 2016 end of year figures, in particular for the number of asylum applications pending on appeal and review, has resulted in a substantially lower figure for numbers of asylum-seekers reported in South Africa.",2016,,ZAF,ASY
"Only those asylum-seekers facing acute or imminent protection risks are registered by UNHCR. In addition, there are some 6,100 other asylum-seekers who were individually assessed, counselled and advised to inform UNHCR of any changes in their situation, which would justify a decision to register them.",2020,,SAU,ASY
"The statistics of the remaining IDPs at the end of the year, while provided by the Government authorities at the district level, are being reviewed by the central authorities. Once this review has been concluded, the statistics will be changed accordingly.",2015,,LKA,IDP
"Figure at the end of 2015 refers to 33,200 Iraqi refugees registered with UNHCR. The Government estimated the number of Iraqis at 400,000 individuals at the end of March 2015. This includes refugees and other categories of Iraqis.",2015,IRQ,JOR,REF
"Refugee figure for Syrians in Turkey was a Government estimate.","2015 - 2018",SYR,TUR,REF
"With respect to persons under UNHCR’s statelessness mandate, this figure includes persons of concern covered by two separate Latvian laws. 176 persons fall under the Republic of Latvia’s Law on Stateless Persons on 17 February 2004. 242,560 of the persons fall under Latvia’s 25 April 1995 Law on the Status of those Former USSR Citizens who are not Citizens of Latvia or Any Other State (“Non-citizens”). In the specific context of Latvia, the “Non-citizens” enjoy the right to reside in Latvia ex lege and a set of rights and obligations generally beyond the rights prescribed by the 1954 Convention relating to the Status of Stateless Persons, including protection from removal, and as such the “Non-citizens” may currently be considered persons to whom the Convention does not apply in accordance with Article 1.2(ii).",2016,,LVA,STA
"Figure refers to individuals without a nationality who were born in the Dominican Republic prior to January 2010 and who were identified by UNHCR in Haiti during the reporting period.",2015,,HTI,STA
"Figure from the 2010 census.","2015 - 2018",,CPV,STA
"The figure of persons of concern under the statelessness mandate relates to stateless persons in Rakhine state and persons of undetermined nationality residing in other states in Myanmar.The figure of stateless persons in Rakhine state has been estimated on the basis of the 2014 census report and 2017 General Administration Department (GAD) of Ministry of Home Affairs (MoHA) data. It does not include an estimated 125,575 stateless IDPs who are also of concern under the statelessness mandate because they are already included within the IDP figures. In Rakhine State, the  total number of stateless persons were estimated to be approximately one million in 2014 according to the Government census reporr.Revisions have been made to take into account the number of stateless persons who fled to Bangladesh during 2017. The number of remaining stateless persons residing in Maungdaw area as of end of December 2017 is highly uncertain as no reliable comprehensive data is available and access has been severely constrained.Outside of Rakhine state, the figure of those with undetermined nationality (25,939) is based on government data released on 27 December 2016 indicating the number of persons who hold an Identity Card for National Verification, and whose citizenship has not yet been confirmed.",2017,,MMR,STA
"The data on the number of refugees is provided by the Government in the mid-2022 statistics; previously UNHCR estimated these statistics.",2022,,CAN,REF
"The number of asylum applications includes 38,278 asylum applications not yet formalized, i.e. individuals with an appointment to complete the application procedure, as well as 11,066 applicants whose cases have been processed but have yet to receive notification of the decision on their asylum applications. The latter relate primarily to cases received prior to 2020. Until end-2020 these were reported under others of concern and have since been re-classified as asylum applications since the 2021 mid-year statistical report.",2021,,CRI,ASY
"The statistics on asylum-seekers (new applications, re-opened/repeat applications and/or appeal application) and refugees individually recognized in Canada include persons who had their claim assessed before the Refugee Protection Division and the Refugee Appeal Division of the Immigration Refugee Board as well as by the Department of Immigration, Refugees and Citizenship Canada through a Pre-Removal Risk Assessment.","2020 - 2022",,CAN,ASY
"Refugee figure for Iraqis in the Syrian Arab Republic is a Government estimate. UNHCR is assisting 16,900 Iraqis at the end of 2015. Figure includes 33,100 Iraqi refugees registered with UNHCR in Jordan. The Government estimates the number of Iraqis at 400,000 individuals at the end of March 2015. This includes refugees and other categories of Iraqis.",2016,IRQ,,REF
"The IDP figure has been aligned to the inter-agency methodology as defined in the 2020 Humanitarian Needs Overview. Figure of others of concern relates to persons who have specific protection needs and live in non-government-controlled areas or within 20 km of the contact line in government-controlled areas.","2019 - 2020",,UKR,IDP
"The figure of stateless persons refers to persons without citizenship in Rakhine State only and does not include an estimated 170,000 IDPs and persons in an IDP-like situation who are included under the IDP population but who are not considered nationals. The total stateless population in Rakhine State is estimated to be approximately one million.",2015,MMR,MMR,IDP
"Refugee figure relate to the end of 2014.",2015,,PNG,REF
"This revised estimate of 133,770 stateless persons includes only individuals born in the country to parents who were both born abroad, It does not include individuals born in the country to one foreign-born and one Dominican-born parent, as per the previously reported figure of 210,000. This estimate does not include subsequent generations of individuals of foreign descent, as there is no reliable population data available on groups other than first-generation individuals. As such, this estimate does not include all persons without nationality in the country. It will be adjusted as official data becomes available on the number of individuals who have found an effective nationality solution.",2015,,DOM,STA
"Refugee figure for Iraqis in the Syrian Arab Republic was a Government estimate. UNHCR has registered and is assisting 16,300 Iraqis at the end of 2017. The refugee population in Jordan includes 34,000 Iraqis registered with UNHCR. The Government of Jordan estimated the number of Iraqis at 400,000 individuals at the end of March 2015. This includes refugees and other categories of Iraqis.",2017,IRQ,,REF
"The figure does not include potentially stateless Bedouin nor all stateless former USSR citizens.","2015 - 2018",,ISR,STA
"The figures include an estimated 125,575 stateless IDPs, people in IDP-like situation who are also of concern under the statelessness mandate.",2017,MMR,MMR,IDP
"Pending a more accurate study into stateless in Iraq, the estimated reduction of stateless persons in Iraq has been adjusted to reflect the reduction of statelessness in line with Law 26 of 2006, which allows stateless persons to apply for nationality in certain circumstances. The total reduction of 115 (from 47,630 to 47,515) comes from estimates based on various sources.",2018,,IRQ,STA
"There are some 13,400 other asylum-seekers who were individually assessed, counselled and advised to inform UNHCR of any changes in their situation, which would justify a decision to register them.",2022,,SAU,ASY
"Refugee figure for Iraqis in the Syrian Arab Republic is a Government estimate. UNHCR is assisting 18,300 Iraqis at the end of 2015. Figure includes 33,200 Iraqi refugees registered with UNHCR in Jordan. The Government estimates the number of Iraqis at 400,000 individuals at the end of March 2015. This includes refugees and other categories of Iraqis.",2015,IRQ,,REF
"The figure of 20,000 is an estimate by UNHCR and civil society organizations based on currently available information on several communities in Kenya. This estimate is under review pending further research and mapping activities.","2015 - 2016",,KEN,STA
"The figure related to the mid of 2018.",2018,,ZAF,REF
"The total statelessness figure reported relates to 17,730 stateless persons of Rohingya ethnicity who are also counted as refugees or asylum-seekers from Myanmar, mainly from Rakhine State. UNHCR’s statistical reporting generally follows a methodology that reports only one legal status for each person of concern. However, due to the size of the stateless Rohingya population displaced from Myanmar, UNHCR considers it important to reflect the dual status of this population group as both displaced and stateless. This approach is being used for India for the first time in 2019.",2019,,IND,STA
"2011 census figure adjusted to reflect number of persons that acquired naionality.","2015 - 2017",,MNE,STA
"The statelessness figure refers to a census from 2011 and has been adjusted to reflect the number of persons with undetermined nationality who had their nationality confirmed in 2011- 2020.",2020,,ALB,STA
"In the absence of official data, the figure reported refers to stateless persons and persons with undetermined nationality identified by UNHCR partner organizations in Turkmenistan. The decrease in the reporting figure is due to naturalization in Turkmenistan and confirmation of nationality by a third country.","2019 - 2020",,TKM,STA
"Figure on the number of registered stateless persons has been updated by the Royal Thai Government. It includes an increase of 61,070 persons who are expected to form a large proportion of the group which will benefit from positive changes introduced to the nationality framework in December 2016. In addition it reflects decreases as a result of 8,814 stateless persons acquiring Thai nationality in 2016 and 8,377 cases that were de-registered because of death or duplicate registration.",2016,,THA,STA
"IDP figure in Ukraine includes 700,000 people who are in an IDP-like situation.",2018,UKR,UKR,IDP
"The figure is an estimated number of individuals who are stateless, including people who are unable to establish their nationality from among the Indian community (Tamils). Estimate is based on NGO and media reports, some citing official sources.",2015,,MYS,STA
"The figure reported includes 854,704 stateless persons of Rohingya ethnicity who are also counted as refugees from Myanmar, mainly from Rakhine State. UNHCR’s statistical reporting generally follows a methodology that reports only one legal status for each person of concern. However, due to the size of the stateless Rohingya population displaced from Myanmar, UNHCR considers it important to reflect the dual status of this population group as both displaced and stateless. This approach has been used for Bangladesh since 2017.",2019,,BGD,"REF,STA"
"UNHCR has recommended on 4 April 2014 to start the process of cessation of refugee status for refugees from Croatia displaced during the 1991-95 conflict. The Office recommended that cessation enters into effect latest by the end of 2017.",2018,HRV,,REF
"Figure is an extrapolation of the 2001 census figure of persons who self-declared as not having a nationality. It includes 5,363 persons who are registered as stateless by the Ministry of the Interior of Ukraine.",2016,,UKR,STA
"The figure on the number of registered stateless persons has been updated by the Royal Thai Government. It includes an increase of 61,070 persons who are expected to form a large proportion of the group which will benefit from positive changes introduced to the nationality framework in December 2016. In addition it reflects decreases as a result of 8,814 stateless persons acquiring Thai nationality in 2016 and 8,377 cases that were de-registered because of death or duplicate registration.",2016,,THA,STA
"Figure is an extrapolation of the 2001 census figure of persons who self-declared as not having a nationality. It includes 5,294 persons who are registered as stateless by the Ministry of the Interior of Ukraine.",2017,,UKR,STA
"The total figure at the end of 2015 includes 200,000 persons in Bangladesh originating from Myanmar in a refugee-like situation. The Government of Bangladesh estimates the population to be between 300,000 and 500,000.",2015,MMR,,REF
"Data include asylum-seekers registered with UNHCR as well as asylum-seekers who have been pre-registered but who are pending official registration with UNHCR.","2015 - 2016",,TUR,ASY
"The figure of 18,500 is an estimate by UNHCR and civil society organizations based on currently available information on several communities in Kenya.",2017,,KEN,STA
"The total figure at the end of 2016 includes 243,000 persons in Bangladesh originating from Myanmar in a refugee-like situation. The Government of Bangladesh estimates the population to be between 300,000 and 500,000.",2016,MMR,BGD,REF
"Figure of stateless persons refers to those with permanent residence reported in 2010 by the Government. Information on other categories of stateless persons is not available.",2015,,UZB,STA
"Refugee figure is a Government estimate.",2019,,TUR,REF
"Figure from the National Institute of Statistics (ISTAT).","2016 - 2018",,ITA,STA
"The total statelessness figure reported relates to 582 stateless persons of Rohingya ethnicity who are also counted as refugees or asylum-seekers from Myanmar, mainly from Rakhine State. UNHCR’s statistical reporting generally follows a methodology that reports only one legal status for each person of concern. However, due to the size of the stateless Rohingya population displaced from Myanmar, UNHCR considers it important to reflect the dual status of this population group as both displaced and stateless. This approach is being used for Indonesia for the first time in 2019. There are also indications that a potentially sizable population of non-displaced stateless persons exists for whom no data is available.",2019,,IDN,STA
"With respect to persons under UNHCR’s statelessness mandate, this figure includes persons of concern covered by two separate Latvian laws. 178 persons fall under the Republic of Latvia’s Law on Stateless Persons on 17 February 2004. 233,393 of the persons fall under Latvia’s 25 April 1995 Law on the Status of those Former USSR Citizens who are not Citizens of Latvia or Any Other State (“Non-citizens”). In the specific context of Latvia, the “Non-citizens” enjoy the right to reside in Latvia ex lege and a set of rights and obligations generally beyond the rights prescribed by the 1954 Convention relating to the Status of Stateless Persons, including protection from removal, and as such the “Non-citizens” may currently be considered persons to whom the Convention does not apply in accordance with Article 1.2(ii).",2017,,LVA,STA
"Figure is based on the total cumulative figure from the Victim’s Registry which commenced in 1985 (https://www.unidadvictimas.gov.co/en).","2019 - 2020",,COL,IDP
"Figure of Stateless persons is Updated from the Royal Thai Government. The decrease includes the grant of Thai nationality to over 18,000 stateless people in the last three years.",2015,,THA,STA
"Persons under UNHCR’s statelessness mandate were included in the category “Others of concern” until 2003.","2017 - 2018",,,"STA,OOC"
"The Indo-Chinese population in China is no longer considered as refugees under UNHCR mandate and removed from UNHCR statistical report since June 2022, because they have full access to public services and enjoy the same rights as nationals.",2022,VNM,,REF
"The IDP figure has been aligned to the inter-agency methodology as defined in the 2022 Humanitarian Needs Overview, including an area-based improvement of the estimation of people displaced in government-controlled areas. The others of concern figure relates to persons who have specific protection needs and live in non-government-controlled areas.",2021,,UKR,IDP
"The refugee population in Jordan includes 34,200 Iraqis registered with UNHCR. The Government of Jordan estimated the number of Iraqis at 400,000 individuals at the end of March 2015. This includes refugees and other categories of Iraqis.",2021,,JOR,REF
"There are indications that a potentially sizable population of non-displaced stateless persons exists for whom no data is available.","2020 - 2022",,IDN,STA
